document_name,article_number,livre,titre,chapitre,section,sous_section,pages,content,source_relative_path
Recueil des textes législatifs et réglementaires de BAM _ VF,1,,"TITRE PREMIER STATUT JURIDIQUE, MISSIONS, GOUVERNANCE ET CONTROLE",Chapitre premier,,,20,"« Bank Al-Maghrib » créée par le dahir n° 1-59-233 du 23 hija 1378 (30 juin 1959), ci-après désignée la Banque, est une personne morale publique dotée de l’autonomie financière et administrative dont l’objet, les fonctions, les opérations ainsi que les modalités d’administration, de direction et de contrôle sont arrêtés par la présente loi ainsi que par les textes pris pour son application.",pdfs/Recueil des textes législatifs et réglementaires de BAM _ VF.pdf
Recueil des textes législatifs et réglementaires de BAM _ VF,2,,"TITRE PREMIER STATUT JURIDIQUE, MISSIONS, GOUVERNANCE ET CONTROLE",Chapitre premier,,,20,"Le capital de la Banque est fixé à 500.000.000 de dirhams. Il est entièrement libéré et détenu par l’Etat. Le capital de la Banque peut être augmenté par incorporation des réserves sur décision du conseil de la Banque, après avis du commissaire du gouvernement, dans la limite de cinquante pour cent du capital. En cas d’insuffisance du capital de la Banque, le Gouvernement est tenu d’effectuer un apport en numéraire pour combler l’insuffisance selon les mêmes modalités, sous réserve d’approbation par voie réglementaire.",pdfs/Recueil des textes législatifs et réglementaires de BAM _ VF.pdf
Recueil des textes législatifs et réglementaires de BAM _ VF,3,,"TITRE PREMIER STATUT JURIDIQUE, MISSIONS, GOUVERNANCE ET CONTROLE",Chapitre premier,,,20-21,"Sous réserve des dérogations prévues par la présente loi, les actes et opérations de la Banque sont régis par les dispositions de la législation en vigueur. 1 Publié au Bulletin officiel n°6832 du 21 novembre 2019. 21­",pdfs/Recueil des textes législatifs et réglementaires de BAM _ VF.pdf
Recueil des textes législatifs et réglementaires de BAM _ VF,4,,"TITRE PREMIER STATUT JURIDIQUE, MISSIONS, GOUVERNANCE ET CONTROLE",Chapitre premier,,,21,Le siège de la Banque est à Rabat. La Banque établit des succursales et agences où elle le juge nécessaire.,pdfs/Recueil des textes législatifs et réglementaires de BAM _ VF.pdf
Recueil des textes législatifs et réglementaires de BAM _ VF,5,,"TITRE PREMIER STATUT JURIDIQUE, MISSIONS, GOUVERNANCE ET CONTROLE",Chapitre II,Section première. – Missions fondamentales,,21,La Banque exerce le privilège d’émission des billets de banque et des pièces de monnaie ayant cours légal sur le territoire du Royaume.,pdfs/Recueil des textes législatifs et réglementaires de BAM _ VF.pdf
Recueil des textes législatifs et réglementaires de BAM _ VF,6,,"TITRE PREMIER STATUT JURIDIQUE, MISSIONS, GOUVERNANCE ET CONTROLE",Chapitre II,Section première. – Missions fondamentales,,21,"La Banque définit et conduit en toute transparence, la politique monétaire dans le cadre de la politique économique et financière du gouvernement. L’objectif principal de la Banque est de maintenir la stabilité des prix. La Banque définit l’objectif de stabilité des prix et conduit la politique monétaire. Le ministre chargé des finances, agissant sous l’autorité du Chef du gouvernement se concerte régulièrement avec le Wali de Bank Al-Maghrib en vue d’assurer la cohérence de la politique macro-prudentielle, ainsi que celle de la politique monétaire avec les autres instruments de la politique macro- économique.",pdfs/Recueil des textes législatifs et réglementaires de BAM _ VF.pdf
Recueil des textes législatifs et réglementaires de BAM _ VF,7,,"TITRE PREMIER STATUT JURIDIQUE, MISSIONS, GOUVERNANCE ET CONTROLE",Chapitre II,Section première. – Missions fondamentales,,21,La Banque intervient sur le marché monétaire en utilisant les instruments et les opérations de la politique monétaire fixés à l’article 66 de la présente loi. Elle veille au bon fonctionnement du marché monétaire et assure son contrôle.,pdfs/Recueil des textes législatifs et réglementaires de BAM _ VF.pdf
Recueil des textes législatifs et réglementaires de BAM _ VF,8,,"TITRE PREMIER STATUT JURIDIQUE, MISSIONS, GOUVERNANCE ET CONTROLE",Chapitre II,Section première. – Missions fondamentales,,21,La Banque s’assure du bon fonctionnement du système bancaire et veille à l’application des dispositions législatives et réglementaires relatives à l’exercice et au contrôle de l’activité des établissements de crédit et organismes assimilés.,pdfs/Recueil des textes législatifs et réglementaires de BAM _ VF.pdf
Recueil des textes législatifs et réglementaires de BAM _ VF,9,,"TITRE PREMIER STATUT JURIDIQUE, MISSIONS, GOUVERNANCE ET CONTROLE",Chapitre II,Section première. – Missions fondamentales,,21-22,"La Banque prend toutes mesures visant à faciliter le transfert des fonds et veille au bon fonctionnement et à la sécurité et l’efficience des systèmes de paiement. Dans ce cadre, elle veille à la sécurité des systèmes de compensation et de règlement livraison des instruments financiers et s’assure de la sécurité des moyens de paiement et de la pertinence des normes qui leur sont applicables. Elle peut se faire communiquer les documents et informations nécessaires à l’accomplissement des missions visées ci-dessus. 22­",pdfs/Recueil des textes législatifs et réglementaires de BAM _ VF.pdf
Recueil des textes législatifs et réglementaires de BAM _ VF,10,,"TITRE PREMIER STATUT JURIDIQUE, MISSIONS, GOUVERNANCE ET CONTROLE",Chapitre II,Section première. – Missions fondamentales,,22,"La Banque contribue à la stabilité du système financier national notamment, dans le cadre du comité de coordination et de surveillance des risques systémiques, institué par les dispositions de la loi relative aux établissements de crédit et organismes assimilés. En outre, la Banque peut proposer au Gouvernement toute autre mesure visant à maintenir la stabilité financière.",pdfs/Recueil des textes législatifs et réglementaires de BAM _ VF.pdf
Recueil des textes législatifs et réglementaires de BAM _ VF,11,,"TITRE PREMIER STATUT JURIDIQUE, MISSIONS, GOUVERNANCE ET CONTROLE",Chapitre II,Section première. – Missions fondamentales,,22,"La Banque met en œuvre la politique du taux de change dans le cadre du régime de change et des orientations fixés par le Gouvernement, après avis de la Banque.",pdfs/Recueil des textes législatifs et réglementaires de BAM _ VF.pdf
Recueil des textes législatifs et réglementaires de BAM _ VF,12,,"TITRE PREMIER STATUT JURIDIQUE, MISSIONS, GOUVERNANCE ET CONTROLE",Chapitre II,Section première. – Missions fondamentales,,22,"La Banque exerce la mission d’intérêt général de détenir et de gérer les réserves de change du pays. Les réserves de change sont inscrites à l’actif du bilan de la Banque et lui sont affectées pour l’exercice de ses missions fondamentales telles que fixées par la présente loi. Elles ne peuvent faire l’objet de mesures conservatoires ou d’exécution prononcées à l’encontre de l’Etat ni garantir des obligations contractées par ce dernier. La Banque peut utiliser les réserves de change dans un objectif de préservation de la valeur du dirham, si le régime et les orientations de change adoptés le permettent et après concertation avec l’autorité gouvernementale chargée des finances. Dans le cadre de la gestion des réserves de change et nonobstant toutes autres dispositions législatives en vigueur, la Banque est habilitée à conclure des conventions avec ses contreparties étrangères sur la base de conventions cadres des associations professionnelles internationales. La Banque peut déléguer la gestion d’une partie des réserves de change à des mandataires dans les conditions fixées par elle.",pdfs/Recueil des textes législatifs et réglementaires de BAM _ VF.pdf
Recueil des textes législatifs et réglementaires de BAM _ VF,13,,"TITRE PREMIER STATUT JURIDIQUE, MISSIONS, GOUVERNANCE ET CONTROLE",Chapitre II,Section première. – Missions fondamentales,,22,"Dans l’exercice de ses missions, la Banque, en la personne du Wali de Bank Al-Maghrib, du directeur général et des membres de son conseil, ne peut solliciter ou accepter d’instructions du Gouvernement ou de tiers.",pdfs/Recueil des textes législatifs et réglementaires de BAM _ VF.pdf
Recueil des textes législatifs et réglementaires de BAM _ VF,14,,"TITRE PREMIER STATUT JURIDIQUE, MISSIONS, GOUVERNANCE ET CONTROLE",Chapitre II,Section 2. – Autres missions,,22,La Banque contribue à la mise en place et à la mise en œuvre de la stratégie nationale d’inclusion financière et à la promotion d’un système financier inclusif.,pdfs/Recueil des textes législatifs et réglementaires de BAM _ VF.pdf
Recueil des textes législatifs et réglementaires de BAM _ VF,15,,"TITRE PREMIER STATUT JURIDIQUE, MISSIONS, GOUVERNANCE ET CONTROLE",Chapitre II,Section 2. – Autres missions,,22-23,"La Banque est le conseiller financier du Gouvernement. Celui-ci la consulte, notamment, sur toutes questions susceptibles d’affecter l’exercice de ses prérogatives et fonctions telles que celles-ci sont définies par la présente loi. Elle soumet au Gouvernement tous avis et toutes suggestions relatifs aux mêmes questions. 23­",pdfs/Recueil des textes législatifs et réglementaires de BAM _ VF.pdf
Recueil des textes législatifs et réglementaires de BAM _ VF,16,,"TITRE PREMIER STATUT JURIDIQUE, MISSIONS, GOUVERNANCE ET CONTROLE",Chapitre II,Section 2. – Autres missions,,23,"La Banque est l’agent du Trésor pour ses opérations bancaires tant au Maroc qu’à l’étranger. La Banque est chargée, dans les conditions fixées par voie réglementaire, des opérations d’émission, de rachat, de conversion et de remboursement des emprunts publics et des effets publics, et de manière générale, du service financier des emprunts émis par l’Etat. A la demande du Gouvernement, elle peut participer aux négociations de prêts et emprunts extérieurs conclus pour le compte de l’Etat.",pdfs/Recueil des textes législatifs et réglementaires de BAM _ VF.pdf
Recueil des textes législatifs et réglementaires de BAM _ VF,17,,"TITRE PREMIER STATUT JURIDIQUE, MISSIONS, GOUVERNANCE ET CONTROLE",Chapitre II,Section 2. – Autres missions,,23,"Les prestations rendues par l’Etat à la Banque sont rémunérées sur la base des charges supportées par lui au titre desdites prestations dans les conditions et selon les modalités fixées par convention conclue entre l’Etat et la Banque. La Banque perçoit, au titre des opérations bancaires et des services financiers effectués pour le compte de l’Etat, une rémunération pour couverture des charges supportées par la Banque au titre desdits opérations et services. Les modalités d’application des dispositions de l’alinéa précédent sont fixées par convention conclue entre l’Etat et la Banque.",pdfs/Recueil des textes législatifs et réglementaires de BAM _ VF.pdf
Recueil des textes législatifs et réglementaires de BAM _ VF,18,,"TITRE PREMIER STATUT JURIDIQUE, MISSIONS, GOUVERNANCE ET CONTROLE",Chapitre II,Section 2. – Autres missions,,23,La Banque peut à la demande du Gouvernement le représenter auprès des institutions financières et monétaires internationales créées en vue de promouvoir la coopération internationale dans les domaines monétaire et financier.,pdfs/Recueil des textes législatifs et réglementaires de BAM _ VF.pdf
Recueil des textes législatifs et réglementaires de BAM _ VF,19,,"TITRE PREMIER STATUT JURIDIQUE, MISSIONS, GOUVERNANCE ET CONTROLE",Chapitre II,Section 2. – Autres missions,,23,"La Banque participe, à la demande du Gouvernement, à la négociation des accords financiers internationaux et peut, le cas échéant, être chargée de leur exécution. L’exécution des accords visés à l’alinéa ci-dessus s’effectue pour le compte de l’Etat qui en assume les risques et les charges.",pdfs/Recueil des textes législatifs et réglementaires de BAM _ VF.pdf
Recueil des textes législatifs et réglementaires de BAM _ VF,20,,"TITRE PREMIER STATUT JURIDIQUE, MISSIONS, GOUVERNANCE ET CONTROLE",Chapitre III,,,23-24,"La Banque peut : - ouvrir et tenir des comptes à vue, des comptes-titres et tous comptes de dépôt au nom : • du Trésor ; • des établissements de crédit agréés en qualité de banques ; • des banques centrales étrangères ; • des organismes financiers internationaux et régionaux ; • des organismes internationaux et régionaux ; • de tout autre organisme ou personne physique ou morale, après approbation du Wali de Bank Al-Maghrib ; - procéder à toutes opérations d’encaissement de valeurs ; - effectuer toutes opérations de change, tant au comptant qu’à terme ; 24­ - faire toutes opérations bancaires d’ordre et pour le compte de tiers, pour autant que la couverture desdites opérations soit fournie ou assurée à la satisfaction de la Banque ; - obtenir et consentir des crédits, prêter ou emprunter à des banques étrangères ou institutions monétaires et financières étrangères ou internationales. A l’occasion de ces opérations, la Banque demande ou octroie les garanties qui lui paraissent appropriées.",pdfs/Recueil des textes législatifs et réglementaires de BAM _ VF.pdf
Recueil des textes législatifs et réglementaires de BAM _ VF,21,,"TITRE PREMIER STATUT JURIDIQUE, MISSIONS, GOUVERNANCE ET CONTROLE",Chapitre III,,,24,"La Banque peut procéder, tant pour son propre compte que pour le compte des Etats étrangers et des banques centrales étrangères dûment habilitées à cet effet, à l’impression de billets de banque et à la frappe de pièces de monnaie. La Banque peut également procéder pour le compte de l’Etat, des Etats étrangers, ou pour tout autre organisme marocain ou étranger habilité, conformément à la législation et à la réglementation en vigueur, à la fabrication de documents sécurisés ou à sécuriser.",pdfs/Recueil des textes législatifs et réglementaires de BAM _ VF.pdf
Recueil des textes législatifs et réglementaires de BAM _ VF,22,,"TITRE PREMIER STATUT JURIDIQUE, MISSIONS, GOUVERNANCE ET CONTROLE",Chapitre III,,,24,"La Banque peut acquérir les propriétés immobilières nécessaires à ses services ou à son personnel. Elle peut vendre et échanger lesdites propriétés selon les besoins de son exploitation. Elle peut aussi accepter, à titre de nantissement, d’hypothèque ou de dation en paiement, des immeubles ou d’autres biens pour couvrir ses créances en souffrance. Elle peut, aux mêmes fins, acquérir les immeubles et tous autres biens qui lui sont adjugés sur vente forcée. Sous réserve des dispositions du premier alinéa du présent article, les immeubles et les biens ainsi acquis doivent être aliénés.",pdfs/Recueil des textes législatifs et réglementaires de BAM _ VF.pdf
Recueil des textes législatifs et réglementaires de BAM _ VF,23,,"TITRE PREMIER STATUT JURIDIQUE, MISSIONS, GOUVERNANCE ET CONTROLE",Chapitre III,,,24,"La Banque peut, dans un but d’intérêt général, prendre des participations dans des organismes financiers publics, nationaux et internationaux, autres que ceux soumis à sa supervision.",pdfs/Recueil des textes législatifs et réglementaires de BAM _ VF.pdf
Recueil des textes législatifs et réglementaires de BAM _ VF,24,,"TITRE PREMIER STATUT JURIDIQUE, MISSIONS, GOUVERNANCE ET CONTROLE",Chapitre III,,,24,"La Banque ne peut effectuer des opérations autres que celles qui sont autorisées en vertu des articles 20 à 23 ci-dessus, sauf si les opérations en cause : a) sont nécessitées par l’exécution de missions ou la liquidation d’opérations prévues par la présente loi ; b) sont entreprises au bénéfice exclusif de son personnel.",pdfs/Recueil des textes législatifs et réglementaires de BAM _ VF.pdf
Recueil des textes législatifs et réglementaires de BAM _ VF,24bis,,"TITRE PREMIER STATUT JURIDIQUE, MISSIONS, GOUVERNANCE ET CONTROLE",Chapitre IV,,,24-25,Les organes de la Banque se composent de l’organe d’administration et de l’organe de direction. 25­,pdfs/Recueil des textes législatifs et réglementaires de BAM _ VF.pdf
Recueil des textes législatifs et réglementaires de BAM _ VF,25,,"TITRE PREMIER STATUT JURIDIQUE, MISSIONS, GOUVERNANCE ET CONTROLE",Chapitre IV,Section première. - Organe d’administration : le conseil,,25-26,"Outre les missions qui lui sont dévolues par la présente loi, le conseil est chargé des missions suivantes : I : • définit l’objectif de stabilité des prix ; • fixe le taux d’intérêt des opérations de la Banque sur le marché monétaire ; • arrête le ratio, l’assiette de calcul et la rémunération des réserves obligatoires visées à l’article 66 de la présente loi ; • fixe, après avis conforme du Conseil supérieur des Ouléma, les instruments d’intervention relatifs à la gestion de la liquidité qui lui paraissent adaptés aux spécificités des activités et opérations des banques participatives prévues par la loi relative aux établissements de crédit et organismes assimilés ; • détermine les conditions d’émission et de rachat des titres d’emprunt visés au 2ème tiret du 2ème alinéa de l’article 66 de la présente loi ; • arrête tout autre instrument d’intervention sur le marché monétaire ou de change ; • arrête tout instrument à utiliser et décide de toute mesure à prendre, en situation exceptionnelle, notamment l’octroi de liquidités d’urgence et d’avances prévues à l’article 67 de la présente loi ; • décide des modalités selon lesquelles les décisions de politique monétaire sont rendues publiques ; • donne son avis sur les différents projets et propositions de lois relatifs au système bancaire ; • arrête les règles générales de gestion des réserves de change ; • décide des modalités d’utilisation des réserves de change dans un objectif de préservation de la valeur du dirham. Le conseil est tenu régulièrement informé de la conduite de la politique monétaire et de la gestion des réserves de change. II : • arrête les caractéristiques des billets et des monnaies métalliques émis par la Banque et décide de la mise en circulation et du retrait de ceux-ci selon les modalités prévues aux articles 58, 60 et 61 de la présente loi ; • approuve le rapport annuel sur la situation économique, monétaire et financière du pays ainsi que sur les activités de la Banque à présenter à SA MAJESTE LE ROI. III : • délibère au sujet de toutes questions relatives à l’organisation et aux orientations stratégiques de la Banque ; • approuve les conditions et modes de passation et d’exécution des marchés de la Banque ; • décide de l’emploi des fonds propres de la Banque en représentation de ses comptes de capital et de réserves ; • statue sur l’acquisition, la vente et l’échange d’immeubles aussi bien pour le compte de la Banque que pour le compte des Fonds relevant des régimes de retraite et de prévoyance sociale du personnel de la Banque ; 26­ • approuve le budget annuel de la Banque et les modifications apportées à celui-ci en cours d’exercice ; • statue sur l’établissement et la fermeture des succursales et agences de la Banque ; • délibère, à l’initiative du Wali de Bank Al-Maghrib, sur les traités et conventions et les approuve ; • examine et approuve le rapport de gestion et les états de synthèse ; • désigne l’auditeur externe chargé de l’audit annuel des comptes de la Banque et fixe la durée de son mandat ; • examine le rapport de l’auditeur externe et décide de la suite à réserver à ses observations ; • examine et approuve la charte de l’audit interne ainsi que le programme d’audit interne annuel de la Banque ; • arrête le statut et le régime général de rémunération et des indemnités ainsi que les régimes de retraite et de prévoyance sociale du personnel de la Banque et veille à la pérennité desdits régimes ; • examine et approuve le règlement intérieur du conseil et les codes déontologiques applicables respectivement à ses membres et au personnel de la Banque ; • nomme les directeurs de la Banque sur proposition du Wali de Bank Al- Maghrib. Le conseil est tenu informé périodiquement de la conduite des missions et des activités ainsi que des résultats de la Banque. Le conseil reçoit régulièrement et au moins une fois par mois, communication de la situation comptable de la Banque.",pdfs/Recueil des textes législatifs et réglementaires de BAM _ VF.pdf
Recueil des textes législatifs et réglementaires de BAM _ VF,26,,"TITRE PREMIER STATUT JURIDIQUE, MISSIONS, GOUVERNANCE ET CONTROLE",Chapitre IV,Section première. - Organe d’administration : le conseil,,26-27,"Le conseil est composé comme suit : - le Wali de Bank Al-Maghrib, président ; - le directeur général de la Banque ; - le directeur du Trésor et des finances extérieures au sein du ministère chargé des finances. Celui-ci ne prend pas part aux votes de décisions relatives à la politique monétaire ; - six membres désignés par le Chef du gouvernement, dont trois sur proposition du Wali de Bank Al-Maghrib, parmi les personnes connues pour leur intégrité et compétence en matière monétaire, financière ou économique, n’exerçant aucun mandat électif public et n’occupant aucun poste de responsabilité dans des entreprises publiques ou privées ou dans l’administration publique. Les trois autres sont proposés par l’autorité gouvernementale chargée des finances et doivent remplir les mêmes conditions. Ces membres sont nommés pour une période de six ans non-renouvelable. Leurs sièges sont renouvelables par tiers tous les deux ans. Les sièges des membres faisant l’objet du premier et du deuxième renouvellement sont tirés au sort. Le tirage au sort du premier renouvellement sera effectué à la fin de la deuxième année suivant la première nomination. Le tirage au sort en vue du deuxième renouvellement aura lieu à la fin de la quatrième année suivant la première nomination. Toutefois, ne sont pas concernés par ce tirage au sort les membres nommés lors du premier renouvellement. 27­ Il ne peut être mis fin, avant terme, aux fonctions des membres visés au 4e tiret du 1er alinéa de cet article que s’ils deviennent incapables d’exercer celles-ci ou commettent une faute grave. Dans ces cas, le mandat du membre concerné prend fin sur demande motivée du conseil statuant à la majorité des membres autres que l’intéressé. Les modalités d’application de cet alinéa sont fixées par le Code de déontologie applicable aux membres du conseil. Le membre nommé en remplacement d’un membre démissionnaire, révoqué ou décédé achève le mandat de celui qu’il remplace.",pdfs/Recueil des textes législatifs et réglementaires de BAM _ VF.pdf
Recueil des textes législatifs et réglementaires de BAM _ VF,27,,"TITRE PREMIER STATUT JURIDIQUE, MISSIONS, GOUVERNANCE ET CONTROLE",Chapitre IV,Section première. - Organe d’administration : le conseil,,27,"Le conseil se réunit au moins une fois par trimestre à l’initiative de son président et chaque fois que trois au moins de ses membres le demandent. Le calendrier annuel des réunions ordinaires du conseil est rendu public. Le conseil ne peut délibérer que si la majorité absolue de ses membres sont présents. Les décisions du conseil sont prises à la majorité des voix des membres présents. En cas de partage égal des voix, la voix du président de la séance est prépondérante. Les délibérations du conseil sont constatées par des procès-verbaux, signés par le président de la séance et par au moins un membre du conseil. En cas d’empêchement du président de la séance, le procès-verbal est signé par au moins deux des membres ayant assisté à la séance. Les copies et extraits de procès-verbaux des délibérations sont valablement certifiés soit par le Wali de Bank Al-Maghrib, soit par le directeur général conjointement avec un membre du conseil. Les six membres du conseil désignés par le Chef du gouvernement perçoivent une indemnité fixée par décret.",pdfs/Recueil des textes législatifs et réglementaires de BAM _ VF.pdf
Recueil des textes législatifs et réglementaires de BAM _ VF,28,,"TITRE PREMIER STATUT JURIDIQUE, MISSIONS, GOUVERNANCE ET CONTROLE",Chapitre IV,Section première. - Organe d’administration : le conseil,,27,"Le conseil peut déléguer les pouvoirs qui lui sont dévolus par la présente loi, soit au Wali de Bank Al-Maghrib, soit à des comités restreints constitués parmi ses membres, en vue de l’exercice de missions particulières. Les dispositions du 4ème alinéa de l’article 27 ci-dessus sont applicables aux délibérations desdits comités. Un rapport sur les résultats des missions déléguées est remis au Conseil.",pdfs/Recueil des textes législatifs et réglementaires de BAM _ VF.pdf
Recueil des textes législatifs et réglementaires de BAM _ VF,29,,"TITRE PREMIER STATUT JURIDIQUE, MISSIONS, GOUVERNANCE ET CONTROLE",Chapitre IV,Section première. - Organe d’administration : le conseil,,27,"Est institué un comité d’audit composé d’au moins deux membres nommés par le conseil parmi les six membres désignés par le Chef du gouvernement. Ce comité est chargé de donner un avis au conseil sur les questions relatives à l’information comptable, à l’audit interne et externe, au contrôle interne et à la maitrise des risques. Les modalités de fonctionnement de ce comité sont approuvées par le conseil.",pdfs/Recueil des textes législatifs et réglementaires de BAM _ VF.pdf
Recueil des textes législatifs et réglementaires de BAM _ VF,30,,"TITRE PREMIER STATUT JURIDIQUE, MISSIONS, GOUVERNANCE ET CONTROLE",Chapitre IV,Section 2. – Organe de direction : le Wali de Bank Al-Maghrib,,27-28,"Le Wali de Bank Al-Maghrib est nommé dans les conditions prévues par l’article 49 de la Constitution pour une période de six ans renouvelable une seule fois. Il est choisi parmi les personnalités reconnues pour leur compétence, leur intégrité et leur impartialité. Il prête serment entre les mains de SA MAJESTE LE ROI. Sa rémunération est fixée par décret. 28­",pdfs/Recueil des textes législatifs et réglementaires de BAM _ VF.pdf
Recueil des textes législatifs et réglementaires de BAM _ VF,31,,"TITRE PREMIER STATUT JURIDIQUE, MISSIONS, GOUVERNANCE ET CONTROLE",Chapitre IV,Section 2. – Organe de direction : le Wali de Bank Al-Maghrib,,28-29,"Sous réserve des attributions dévolues par la présente loi au conseil, le Wali de Bank Al-Maghrib administre et dirige la Banque. A cet effet, il : • préside le conseil, le convoque et arrête l’ordre du jour des séances ; • tient le conseil informé périodiquement de la conduite de la politique monétaire, de la gestion des réserves de change et des autres missions et activités ainsi que des résultats de la Banque ; • prépare le projet de rapport annuel sur la situation économique, monétaire et financière du pays et sur les activités de la Banque, visé à l’article 50 de la présente loi ; • arrête, par décision, les modalités selon lesquelles sont effectuées les opérations visées à l’article 66 de la présente loi ; • agrée l’exercice de l’activité de traitement de la monnaie fiduciaire aux fins de remise en circulation et fixe, par décision, les conditions de son exercice ; • prononce toute sanction administrative ou pécuniaire à l’encontre de tout intervenant en matière de traitement de la monnaie fiduciaire qui n’aurait pas respecté les dispositions de la présente loi ou les textes pris pour son application ; • arrête les conditions de la délégation de la gestion des réserves de change ; • fixe les conditions d’ouverture et de fonctionnement des comptes à vue, des comptes-titres et de tout compte de dépôt pour toute personne physique ou morale ; • propose au conseil la nomination des directeurs de la Banque, recrute et nomme à toutes autres fonctions ; • désigne des représentants de la Banque au sein des conseils d’autres organismes lorsqu’une telle représentation est prévue ; • organise les services de la Banque et définit leurs attributions ; • établit les conditions et modes de passation et d’exécution des marchés de la Banque et les présente au conseil pour approbation ; • prépare les projets de budget annuel et des modifications apportées à celui-ci en cours d’exercice ; • procède à toutes acquisitions, aliénations ou échanges immobiliers approuvés par le conseil ; • prend toute décision à caractère général ou individuel et non dévolue au conseil conformément aux dispositions de la présente loi ; • représente la Banque à l’égard des tiers. Il intente les actions en justice, les poursuit et les défend. Il prend toutes mesures d’exécution et toutes mesures conservatoires qu’il juge utiles. A cet effet et nonobstant toute législation contraire, le recours à un avocat n’est pas obligatoire dans toutes les étapes de l’action en justice ; • peut déléguer ses pouvoirs en vue d’actes déterminés ; • arrête la composition, les attributions et les modalités de fonctionnement du comité de direction, du comité monétaire et financier et du comité de stabilité financière ; • présente le rapport de gestion et les états de synthèse à l’approbation du conseil ; 29­ • fixe les conditions de délégation de la gestion des Fonds relevant des régimes de retraite et de prévoyance sociale du personnel de la Banque. En cas de nécessité impérieuse et imprévisible rendant impossible la convocation et la réunion du conseil, le Wali de Bank Al-Maghrib est habilité à prendre toutes mesures relevant des attributions du conseil. Les décisions prises en vertu de cette habilitation sont soumises aux délibérations de la prochaine réunion du conseil.",pdfs/Recueil des textes législatifs et réglementaires de BAM _ VF.pdf
Recueil des textes législatifs et réglementaires de BAM _ VF,32,,"TITRE PREMIER STATUT JURIDIQUE, MISSIONS, GOUVERNANCE ET CONTROLE",Chapitre IV,Section 2. – Organe de direction : le Wali de Bank Al-Maghrib,,29,"Le Wali de Bank Al-Maghrib exécute les décisions du conseil, prend toutes les mesures nécessaires à cette fin et en assure le contrôle.",pdfs/Recueil des textes législatifs et réglementaires de BAM _ VF.pdf
Recueil des textes législatifs et réglementaires de BAM _ VF,33,,"TITRE PREMIER STATUT JURIDIQUE, MISSIONS, GOUVERNANCE ET CONTROLE",Chapitre IV,Section 2. – Organe de direction : le Wali de Bank Al-Maghrib,,29,"Le Wali de Bank Al-Maghrib est assisté par un directeur général conformément aux missions qui lui sont dévolues et sous son autorité. Le directeur général exerce toutes les missions qui lui sont dévolues par le Wali de Bank Al-Maghrib. Le directeur général remplace le Wali de Bank Al-Maghrib en cas d’absence ou d’empêchement. En cas de vacance du poste de Wali de Bank Al-Maghrib, le directeur général expédie les affaires courantes en attendant la nomination d’un nouveau Wali de Bank Al-Maghrib. En cas d’absence ou d’empêchement prolongé d’une durée de six (6) mois, du Wali de Bank Al-Maghrib, il sera procédé, durant cette période, à la désignation, par décret, d’un membre du conseil, choisi par ce dernier parmi ses membres nommés par le Chef du gouvernement, pour exercer les attributions du Wali de Bank Al-Maghrib. Pour la désignation dudit membre, le conseil se réunit sous la présidence et sur convocation du directeur général.",pdfs/Recueil des textes législatifs et réglementaires de BAM _ VF.pdf
Recueil des textes législatifs et réglementaires de BAM _ VF,34,,"TITRE PREMIER STATUT JURIDIQUE, MISSIONS, GOUVERNANCE ET CONTROLE",Chapitre IV,Section 2. – Organe de direction : le Wali de Bank Al-Maghrib,,29,"Le directeur général exerce ses missions sous l’autorité du Wali de Bank Al-Maghrib. Il est nommé par décret pris sur proposition du Wali de Bank Al-Maghrib, le conseil entendu.",pdfs/Recueil des textes législatifs et réglementaires de BAM _ VF.pdf
Recueil des textes législatifs et réglementaires de BAM _ VF,35,,"TITRE PREMIER STATUT JURIDIQUE, MISSIONS, GOUVERNANCE ET CONTROLE",Chapitre IV,Section 2. – Organe de direction : le Wali de Bank Al-Maghrib,,29,Le comité de direction assiste le Wali de Bank Al-Maghrib dans la direction des affaires de la Banque.,pdfs/Recueil des textes législatifs et réglementaires de BAM _ VF.pdf
Recueil des textes législatifs et réglementaires de BAM _ VF,36,,"TITRE PREMIER STATUT JURIDIQUE, MISSIONS, GOUVERNANCE ET CONTROLE",Chapitre IV,Section 2. – Organe de direction : le Wali de Bank Al-Maghrib,,29,Le comité monétaire et financier et le comité de stabilité financière assistent le Wali de Bank Al-Maghrib dans les domaines directement liés aux missions fondamentales de la Banque telles que définies par la présente loi.,pdfs/Recueil des textes législatifs et réglementaires de BAM _ VF.pdf
Recueil des textes législatifs et réglementaires de BAM _ VF,37,,"TITRE PREMIER STATUT JURIDIQUE, MISSIONS, GOUVERNANCE ET CONTROLE",Chapitre IV,Section 3. – Signature des actes,,29-30,"Tous les actes qui engagent la Banque, autres que ceux de gestion courante, et toutes les délégations de pouvoirs et mandats sont signés par le Wali de Bank Al-Maghrib ou par le directeur général agissant pour celui-ci, sous réserve des mandats spéciaux donnés par le Wali. 30­ Les actes de gestion courante de la Banque sont revêtus de la signature d’une ou de deux personnes autorisées à cet effet par le Wali de Bank Al-Maghrib.",pdfs/Recueil des textes législatifs et réglementaires de BAM _ VF.pdf
Recueil des textes législatifs et réglementaires de BAM _ VF,38,,"TITRE PREMIER STATUT JURIDIQUE, MISSIONS, GOUVERNANCE ET CONTROLE",Chapitre IV,Section 4. – Dispositions diverses,,30,"Le Wali de Bank Al-Maghrib, le directeur général et les directeurs de la Banque, ainsi que les membres de son conseil, ne contractent aucune obligation personnelle à raison des engagements de la Banque. Ils ne sont responsables que de l’exécution de leurs missions. Le Wali de Bank Al-Maghrib, le directeur général et les directeurs de la Banque ne peuvent être membres des organes d’administration ou de contrôle d’aucune société commerciale, ou exercer une fonction quelconque dans une entreprise commerciale, à l’exception : - de sociétés gérées par l’Etat ou placées sous son contrôle, ou dans lesquelles l’Etat détient directement ou indirectement une participation, autres que les établissements de crédit, et dont l’objet social est lié à une mission d’intérêt général ; - des organismes internationaux ; - des organismes à but non lucratif. Ils ne peuvent représenter des tiers vis-à-vis de la Banque ni s’engager vis-à- vis d’elle solidairement avec des tiers. Les fonctions de Wali de Bank Al-Maghrib et de directeur général et de directeur de la Banque sont incompatibles avec l’exercice de fonctions gouvernementales. Le Wali de Bank Al-Maghrib et le directeur général ne peuvent exercer de mandat électif.",pdfs/Recueil des textes législatifs et réglementaires de BAM _ VF.pdf
Recueil des textes législatifs et réglementaires de BAM _ VF,39,,"TITRE PREMIER STATUT JURIDIQUE, MISSIONS, GOUVERNANCE ET CONTROLE",Chapitre IV,Section 4. – Dispositions diverses,,30,"Toute personne qui, à titre quelconque, participe à l’administration, à la direction, au contrôle, à l’audit et à la gestion de la Banque est tenue au secret professionnel.",pdfs/Recueil des textes législatifs et réglementaires de BAM _ VF.pdf
Recueil des textes législatifs et réglementaires de BAM _ VF,40,,"TITRE PREMIER STATUT JURIDIQUE, MISSIONS, GOUVERNANCE ET CONTROLE",Chapitre IV,Section 4. – Dispositions diverses,,30-31,"Il est interdit au Wali de Bank Al-Maghrib, au directeur général, au commissaire du gouvernement et aux six membres du conseil nommés par le Chef du gouvernement, ainsi qu’au personnel de la Banque de se trouver dans une situation de conflit d’intérêts. Le conseil statue sur les mesures correctives à entreprendre vis-à-vis de ses membres. Le Wali de Bank Al-Maghrib statue sur les mesures correctives à entreprendre vis-à-vis du personnel de la Banque. 31­",pdfs/Recueil des textes législatifs et réglementaires de BAM _ VF.pdf
Recueil des textes législatifs et réglementaires de BAM _ VF,41,,"TITRE PREMIER STATUT JURIDIQUE, MISSIONS, GOUVERNANCE ET CONTROLE",Chapitre V,Section première. – Contrôle du commissaire du gouvernement,,31,"Le commissaire du gouvernement contrôle pour le compte de l’Etat et au nom du ministre chargé des finances, la régularité des opérations financières de la Banque au regard des dispositions légales et réglementaires qui leur sont applicables. Il assiste, avec voix consultative, aux séances du conseil et fait toutes propositions qu’il estime utiles. Il reçoit communication des procès-verbaux des séances et délibérations du conseil et peut exiger communication de tous documents comptables.",pdfs/Recueil des textes législatifs et réglementaires de BAM _ VF.pdf
Recueil des textes législatifs et réglementaires de BAM _ VF,42,,"TITRE PREMIER STATUT JURIDIQUE, MISSIONS, GOUVERNANCE ET CONTROLE",Chapitre V,Section première. – Contrôle du commissaire du gouvernement,,31,"Sur proposition du ministre chargé des finances, le commissaire du gouvernement est nommé par décret du Chef du gouvernement, parmi les hauts fonctionnaires du ministère chargé des finances. Il peut se faire assister par un commissaire de gouvernement adjoint nommé par arrêté du ministre chargé des finances. Le commissaire du gouvernement adresse chaque année un rapport sur les missions qu’il a accomplies au ministre chargé des finances.",pdfs/Recueil des textes législatifs et réglementaires de BAM _ VF.pdf
Recueil des textes législatifs et réglementaires de BAM _ VF,43,,"TITRE PREMIER STATUT JURIDIQUE, MISSIONS, GOUVERNANCE ET CONTROLE",Chapitre V,Section 2. – Audit externe,,31,"Les comptes de la Banque sont soumis à un audit annuel réalisé sous la responsabilité d’un auditeur externe personne morale désigné pour une durée fixée par le conseil non renouvelable. A l’expiration de son mandat, l’auditeur externe ne peut plus remplir la mission visée ci-dessus pendant une durée minimale de trois ans. L’auditeur externe certifie que les états de synthèse de la Banque donnent une image fidèle de son patrimoine, de sa situation financière et de ses résultats et apprécie ses dispositifs de contrôle interne. A cet effet, il établit un rapport d’audit qui est communiqué aux membres du conseil et au commissaire du gouvernement, au plus tard cinq mois après la clôture de l’exercice.",pdfs/Recueil des textes législatifs et réglementaires de BAM _ VF.pdf
Recueil des textes législatifs et réglementaires de BAM _ VF,44,,"TITRE PREMIER STATUT JURIDIQUE, MISSIONS, GOUVERNANCE ET CONTROLE",Chapitre V,Section 3. – Contrôle de la Cour des comptes,,31-32,"La Banque est soumise au contrôle de la Cour des Comptes. A cet effet, la Banque produit annuellement à la Cour des Comptes ses propres comptes ainsi que ceux des organismes de prévoyance sociale de son personnel, dans les formes prévues par la législation en vigueur. 32­ Elle communique à la juridiction susvisée les extraits des procès-verbaux du conseil relatifs à son budget et à son patrimoine, accompagnés de copies des rapports des auditeurs externes.",pdfs/Recueil des textes législatifs et réglementaires de BAM _ VF.pdf
Recueil des textes législatifs et réglementaires de BAM _ VF,45,,"TITRE PREMIER STATUT JURIDIQUE, MISSIONS, GOUVERNANCE ET CONTROLE",Chapitre V,Section 4. – Audition parlementaire,,32,"Le Wali de Bank Al-Maghrib est entendu par la ou les commissions permanentes chargées des finances du Parlement, à l’initiative de celles-ci, sur les missions de la Banque. Cette audition est suivie d’un débat.",pdfs/Recueil des textes législatifs et réglementaires de BAM _ VF.pdf
Recueil des textes législatifs et réglementaires de BAM _ VF,46,,"TITRE PREMIER STATUT JURIDIQUE, MISSIONS, GOUVERNANCE ET CONTROLE",Chapitre VI,,,32,"La Banque tient sa comptabilité selon les lois et règlements régissant les obligations comptables des commerçants, sous réserve des adaptations nécessaires adoptées par le conseil, après avis du Conseil national de la comptabilité et approbation selon les formes prévues par voie réglementaire.",pdfs/Recueil des textes législatifs et réglementaires de BAM _ VF.pdf
Recueil des textes législatifs et réglementaires de BAM _ VF,47,,"TITRE PREMIER STATUT JURIDIQUE, MISSIONS, GOUVERNANCE ET CONTROLE",Chapitre VI,,,32,"L’exercice de la Banque commence le 1er janvier et se termine le 31 décembre de chaque année. A la fin de chaque exercice, la Banque établit ses états de synthèse qui comportent le bilan, le compte de produits et charges ainsi que l’état des informations complémentaires. Ces états sont accompagnés d’un rapport de gestion qui présente les éléments d’information permettant au conseil de porter une appréciation sur l’activité de la Banque et l’évolution de sa situation financière, au cours de l’exercice écoulé. Le rapport de gestion et les états de synthèse sont présentés par le Wali de Bank Al-Maghrib à l’approbation du conseil.",pdfs/Recueil des textes législatifs et réglementaires de BAM _ VF.pdf
Recueil des textes législatifs et réglementaires de BAM _ VF,48,,"TITRE PREMIER STATUT JURIDIQUE, MISSIONS, GOUVERNANCE ET CONTROLE",Chapitre VI,,,32-33,"Le bénéfice net de la Banque, majoré ou diminué selon le cas, du report des résultats de l’exercice précédent, est affecté à concurrence de dix pour cent (10%) au moins à la constitution d’un fonds général de réserve jusqu’à ce que celui-ci atteigne un montant égal à celui du capital de la Banque. Sur proposition du Wali de Bank Al-Maghrib, et après accord de l’autorité gouvernementale chargée des finances, le conseil peut décider d’affecter une partie des bénéfices à la constitution de fonds de réserves spéciaux. Le solde du bénéfice net disponible, après les prélèvements prévus aux alinéas précédents du présent article et par les conventions conclues entre l’Etat et la Banque, sera versé au Trésor. Le Wali de Bank Al-Maghrib adresse mensuellement au ministre chargé des finances un état comparatif de la situation comptable de la Banque arrêtée à la fin de chaque mois. Cet état est publié au « Bulletin officiel » sous une forme résumée. 33­",pdfs/Recueil des textes législatifs et réglementaires de BAM _ VF.pdf
Recueil des textes législatifs et réglementaires de BAM _ VF,49,,"TITRE PREMIER STATUT JURIDIQUE, MISSIONS, GOUVERNANCE ET CONTROLE",Chapitre VI,,,33,"L’actif immobilier net comptabilisé par la Banque en exécution des dispositions de l’article 22 de la présente loi, augmenté des investissements comptabilisés en exécution des dispositions de l’article 23 de la présente loi, ainsi que de toutes autres valeurs comptabilisées par la Banque en représentation de ses comptes de capital et de réserves, ne peut excéder le montant total desdits comptes.",pdfs/Recueil des textes législatifs et réglementaires de BAM _ VF.pdf
Recueil des textes législatifs et réglementaires de BAM _ VF,50,,"TITRE PREMIER STATUT JURIDIQUE, MISSIONS, GOUVERNANCE ET CONTROLE",Chapitre VII,,,33,"Un rapport annuel sur la situation économique, monétaire et financière du pays ainsi que sur les activités de la Banque est présenté à SA MAJESTE LE ROI avant le 30 juin qui suit la clôture de l’exercice concerné. Ce rapport est publié au « Bulletin officiel », sur le site internet de la Banque et sur tout autre support après sa présentation à SA MAJESTE LE ROI.",pdfs/Recueil des textes législatifs et réglementaires de BAM _ VF.pdf
Recueil des textes législatifs et réglementaires de BAM _ VF,51,,"TITRE PREMIER STATUT JURIDIQUE, MISSIONS, GOUVERNANCE ET CONTROLE",Chapitre VII,,,33,Les décisions du conseil portant sur la politique monétaire sont rendues publiques selon les modalités qu’il définit.,pdfs/Recueil des textes législatifs et réglementaires de BAM _ VF.pdf
Recueil des textes législatifs et réglementaires de BAM _ VF,52,,"TITRE PREMIER STATUT JURIDIQUE, MISSIONS, GOUVERNANCE ET CONTROLE",Chapitre VII,,,33,La Banque établit et publie les statistiques monétaires et financières du Maroc. Elle publie périodiquement toutes autres informations statistiques ainsi que les rapports liés à l’exercice de ses missions.,pdfs/Recueil des textes législatifs et réglementaires de BAM _ VF.pdf
Recueil des textes législatifs et réglementaires de BAM _ VF,53,,"TITRE PREMIER STATUT JURIDIQUE, MISSIONS, GOUVERNANCE ET CONTROLE",Chapitre VII,,,33,"Dans le cadre de l’exercice de ses missions, la Banque peut : • demander et obtenir toutes informations statistiques nécessaires aux fins de collecte et d’analyse ; • collaborer avec les autorités gouvernementales concernées ainsi qu’avec toute autre personne concernée en vue de collecter ou de publier des statistiques ou toutes autres informations pertinentes.",pdfs/Recueil des textes législatifs et réglementaires de BAM _ VF.pdf
Recueil des textes législatifs et réglementaires de BAM _ VF,54,,TITRE II MODALITES D’EXERCICE DES MISSIONS FONDAMENTALES DE LA BANQUE,"Chapitre premier De l’émission, de la circulation et du retrait des billets et monnaies",,,33-34,Les billets et monnaies métalliques émis par la Banque ont seuls cours légal et pouvoir libératoire sur l’ensemble du territoire du Royaume. Les billets portent la griffe du Wali de Bank Al-Maghrib et celle du commissaire du gouvernement. 34­,pdfs/Recueil des textes législatifs et réglementaires de BAM _ VF.pdf
Recueil des textes législatifs et réglementaires de BAM _ VF,55,,TITRE II MODALITES D’EXERCICE DES MISSIONS FONDAMENTALES DE LA BANQUE,"Chapitre premier De l’émission, de la circulation et du retrait des billets et monnaies",,,34,"Le pouvoir libératoire des billets émis par la Banque est illimité. Le pouvoir libératoire des monnaies métalliques émises par la Banque est limité au montant qui est fixé pour chaque type de monnaie par le texte réglementaire de mise en circulation visé à l’article 58 de la présente loi. Ces limites ne peuvent être opposées par la Banque, par les comptables publics, ainsi que par les banques établies au Maroc. Toutefois, le pouvoir libératoire des pièces commémoratives est illimité.",pdfs/Recueil des textes législatifs et réglementaires de BAM _ VF.pdf
Recueil des textes législatifs et réglementaires de BAM _ VF,56,,TITRE II MODALITES D’EXERCICE DES MISSIONS FONDAMENTALES DE LA BANQUE,"Chapitre premier De l’émission, de la circulation et du retrait des billets et monnaies",,,34,"Aucune opposition ne peut être signifiée à la Banque, ni être recevable par celle-ci en raison de la perte, du vol ou de la destruction des billets et monnaies qu’elle a émis.",pdfs/Recueil des textes législatifs et réglementaires de BAM _ VF.pdf
Recueil des textes législatifs et réglementaires de BAM _ VF,57,,TITRE II MODALITES D’EXERCICE DES MISSIONS FONDAMENTALES DE LA BANQUE,"Chapitre premier De l’émission, de la circulation et du retrait des billets et monnaies",,,34,"La Banque arrête : - les dénominations, formats, vignettes, couleurs et toutes autres caractéristiques des billets ; - les dénominations, types, natures, poids, dimensions, tolérances et toutes autres caractéristiques des monnaies métalliques.",pdfs/Recueil des textes législatifs et réglementaires de BAM _ VF.pdf
Recueil des textes législatifs et réglementaires de BAM _ VF,58,,TITRE II MODALITES D’EXERCICE DES MISSIONS FONDAMENTALES DE LA BANQUE,"Chapitre premier De l’émission, de la circulation et du retrait des billets et monnaies",,,34,La mise en circulation d’un type nouveau de billets ou de monnaies métalliques est arrêtée par la Banque et approuvée par décret.,pdfs/Recueil des textes législatifs et réglementaires de BAM _ VF.pdf
Recueil des textes législatifs et réglementaires de BAM _ VF,59,,TITRE II MODALITES D’EXERCICE DES MISSIONS FONDAMENTALES DE LA BANQUE,"Chapitre premier De l’émission, de la circulation et du retrait des billets et monnaies",,,34,"Sous réserve des dispositions de l’article 62 de la présente loi, la Banque est seule compétente pour apprécier et entretenir la qualité des billets et monnaies métalliques en circulation.",pdfs/Recueil des textes législatifs et réglementaires de BAM _ VF.pdf
Recueil des textes législatifs et réglementaires de BAM _ VF,60,,TITRE II MODALITES D’EXERCICE DES MISSIONS FONDAMENTALES DE LA BANQUE,"Chapitre premier De l’émission, de la circulation et du retrait des billets et monnaies",,,34,"Les billets et monnaies métalliques qui ne satisfont plus aux conditions de la circulation monétaire sont retirés de la circulation par la Banque. Le remboursement d’un billet mutilé, altéré ou détérioré est accordé lorsqu’il présente la totalité de ses signes récognitifs. Dans les autres cas, son remboursement total ou partiel relève de la seule appréciation de la Banque. La Banque apprécie également dans quelle mesure il convient d’échanger toute pièce de monnaie dont l’identification est devenue impossible par suite d’altération ou de mutilation. La Banque retire de la circulation et annule, sans indemnité, les billets et monnaies métalliques falsifiés qui lui seraient présentés ou qui lui paraîtraient de nature à permettre des manœuvres frauduleuses, ou à porter atteinte au prestige de la monnaie marocaine.",pdfs/Recueil des textes législatifs et réglementaires de BAM _ VF.pdf
Recueil des textes législatifs et réglementaires de BAM _ VF,61,,TITRE II MODALITES D’EXERCICE DES MISSIONS FONDAMENTALES DE LA BANQUE,"Chapitre premier De l’émission, de la circulation et du retrait des billets et monnaies",,,34-35,"Le retrait, par voie d’échange, d’un type de billets ou de monnaies métalliques en circulation, ainsi que le délai et les modalités de l’échange sont fixés par décision du conseil et approuvée par décret pris sur proposition du ministre chargé des finances. La contre-valeur des billets et monnaies retirés de la circulation et non remboursés est versée au Trésor. 35­",pdfs/Recueil des textes législatifs et réglementaires de BAM _ VF.pdf
Recueil des textes législatifs et réglementaires de BAM _ VF,62,,TITRE II MODALITES D’EXERCICE DES MISSIONS FONDAMENTALES DE LA BANQUE,"Chapitre premier De l’émission, de la circulation et du retrait des billets et monnaies",,,35,"La Banque peut agréer l’exercice de l’activité de traitement de la monnaie fiduciaire aux fins de remise en circulation dans les conditions qu’elle définit. La Banque arrête les règles de traitement et de recyclage de la monnaie fiduciaire, applicable à l’ensemble des acteurs concernés. La Banque est investie du pouvoir de contrôle et d’application des sanctions administratives et pécuniaires en cas de non-respect, par les personnes assujetties, des conditions et règles prévues aux deux alinéas précédents.",pdfs/Recueil des textes législatifs et réglementaires de BAM _ VF.pdf
Recueil des textes législatifs et réglementaires de BAM _ VF,63,,TITRE II MODALITES D’EXERCICE DES MISSIONS FONDAMENTALES DE LA BANQUE,"Chapitre premier De l’émission, de la circulation et du retrait des billets et monnaies",,,35,"Les sanctions administratives applicables sont : - la mise en garde ; - l’injonction de réparer les conséquences des manquements constatés ; - le retrait d’agrément. L’agrément est susceptible de retrait en cas de : - fausses déclarations ; - non-respect des injonctions prononcées par la Banque ; - recours à des pratiques anticoncurrentielles ou qui sont de nature à porter préjudice à la Banque, à l’un des acteurs concernés ou à l’activité, visés à l’article 62 ci-dessus. La Banque prend toutes les mesures nécessaires pour tenir informé, de sa décision de retrait d’agrément, l’ensemble des acteurs concernés par l’activité de traitement et de recyclage de la monnaie fiduciaire. Toute décision de retrait d’agrément doit être motivée.",pdfs/Recueil des textes législatifs et réglementaires de BAM _ VF.pdf
Recueil des textes législatifs et réglementaires de BAM _ VF,64,,TITRE II MODALITES D’EXERCICE DES MISSIONS FONDAMENTALES DE LA BANQUE,"Chapitre premier De l’émission, de la circulation et du retrait des billets et monnaies",,,35,"Les sanctions pécuniaires sont prononcées pour tout récidiviste d’un acte qui lui a valu une mise en garde, ainsi que pour toute obstruction au contrôle de la Banque. Les sanctions pécuniaires prononcées à l’encontre de tout contrevenant aux dispositions du présent chapitre et des textes pris pour leur application ne peuvent excéder cent mille dirhams par infraction. Les sommes correspondant aux sanctions pécuniaires sont versées au Trésor et leur recouvrement est assuré dans les conditions prévues par la loi n°15-97 formant code de recouvrement des créances publiques. Sans préjudice des dispositions de l’article 65 ci-après, la Banque notifie au contrevenant concerné la sanction qui lui est appliquée, les motifs qui la justifient et la date de l’acquittement à ses guichets.",pdfs/Recueil des textes législatifs et réglementaires de BAM _ VF.pdf
Recueil des textes législatifs et réglementaires de BAM _ VF,65,,TITRE II MODALITES D’EXERCICE DES MISSIONS FONDAMENTALES DE LA BANQUE,"Chapitre premier De l’émission, de la circulation et du retrait des billets et monnaies",,,35-36,"A l’exception des mises en garde et des injonctions prévues à l’article 63 de la présente loi, toute sanction ne peut être prononcée qu’après que l’intéressé ait été mis en demeure de produire ses observations écrites dans un délai maximum de 15 jours. 36­",pdfs/Recueil des textes législatifs et réglementaires de BAM _ VF.pdf
Recueil des textes législatifs et réglementaires de BAM _ VF,66,,TITRE II MODALITES D’EXERCICE DES MISSIONS FONDAMENTALES DE LA BANQUE,Chapitre II,,,36,"La Banque peut intervenir sur les marchés monétaire et des changes en effectuant notamment : • des opérations d’achat ou de vente fermes ; • des opérations au comptant ou à terme ; • des opérations de prise ou de mise en pension ; • des opérations de prêts ou d’emprunts de créances ou de titres négociables libellés en monnaies que la Banque détermine ; • des opérations de crédit moyennant des sûretés appropriées. La Banque peut également effectuer les opérations suivantes : • proposer aux établissements de crédit agréés en qualité de banques de placer auprès d’elle des liquidités sous forme de dépôts à terme ; • émettre et racheter ses propres titres d’emprunt auprès des intervenants sur le marché monétaire. Cette émission n’est pas soumise aux dispositions législatives régissant l’appel public à l’épargne. La Banque peut exiger des établissements de crédit agréés en tant que banques, de constituer auprès d’elle des réserves obligatoires sous forme de dépôts. La Banque peut fixer tout autre instrument d’intervention sur le marché monétaire ou des changes. La Banque adapte ses instruments d’intervention aux spécificités des banques participatives.",pdfs/Recueil des textes législatifs et réglementaires de BAM _ VF.pdf
Recueil des textes législatifs et réglementaires de BAM _ VF,67,,TITRE II MODALITES D’EXERCICE DES MISSIONS FONDAMENTALES DE LA BANQUE,Chapitre II,,,36-37,"Dans le cadre de l’exercice de sa mission de contribution au maintien de la stabilité financière, la Banque peut fournir, à titre discrétionnaire, une liquidité d’urgence en faveur : - d’un établissement de crédit rencontrant des problèmes temporaires de liquidité sans soulever de préoccupations sur le plan de sa solvabilité ; - d’un établissement de crédit ayant des difficultés de liquidité et présentant des doutes quant à sa solvabilité, sous réserve de disposer de la garantie de l’Etat en couverture de ces opérations. La Banque arrête pour chaque cas le montant de liquidité et les modalités de son octroi notamment, en ce qui concerne les conditions d’éligibilité, de rémunération, de garantie et de maturité. Les conditions d’octroi de la garantie de l’Etat sont fixées par voie réglementaire. Dans le cadre de la même mission visée au premier alinéa du présent article, la Banque peut, dans des situations exceptionnelles, accorder aux Fonds de garantie des dépôts, prévus aux articles 67 et 128 de la loi n° 103-12 relative aux établissements de crédit et organismes assimilés, des avances pour leur permettre de rembourser les déposants. La Banque arrête les conditions et les modalités d’octroi de ces avances notamment en matière de rémunération et de garantie. 37­",pdfs/Recueil des textes législatifs et réglementaires de BAM _ VF.pdf
Recueil des textes législatifs et réglementaires de BAM _ VF,68,,TITRE II MODALITES D’EXERCICE DES MISSIONS FONDAMENTALES DE LA BANQUE,Chapitre II,,,37,La Banque arrête les modalités selon lesquelles sont effectuées les opérations visées à l’article 66 de la présente loi. Les décisions prises en application de l’alinéa précédent font l’objet d’une publicité appropriée sur le site internet de la Banque et sur tout support.,pdfs/Recueil des textes législatifs et réglementaires de BAM _ VF.pdf
Recueil des textes législatifs et réglementaires de BAM _ VF,69,,TITRE II MODALITES D’EXERCICE DES MISSIONS FONDAMENTALES DE LA BANQUE,Chapitre II,,,37,"La Banque ne peut se porter garante d’engagements contractés par l’Etat, acquérir directement des titres de créance ou des Sukuk qu’il émet ou lui consentir des concours financiers, que sous forme de facilité de caisse visée au 2ème alinéa ci-après. La facilité de caisse est limitée à cinq pour cent (5%) des recettes fiscales réalisées au cours de l’année budgétaire écoulée. La durée totale d’utilisation de cette facilité ne peut excéder 120 jours, consécutifs ou non, au cours d’une année budgétaire. Les montants effectivement utilisés au titre de cette facilité sont rémunérés au taux de base de refinancement des banques auprès de la Banque. La Banque peut suspendre l’utilisation de cette facilité lorsqu’elle estime que la situation du marché monétaire le justifie. La Banque ne peut consentir des concours financiers, sous quelque forme que ce soit, à toute entreprise ou organisme public, ni se porter garante d’engagements contractés par eux. Toutefois, ces dispositions ne s’appliquent pas aux établissements de crédit publics agréés en qualité de banques, pour leurs opérations de refinancement auprès de la Banque.",pdfs/Recueil des textes législatifs et réglementaires de BAM _ VF.pdf
Recueil des textes législatifs et réglementaires de BAM _ VF,70,,TITRE II MODALITES D’EXERCICE DES MISSIONS FONDAMENTALES DE LA BANQUE,Chapitre II,,,37,"La Banque réglemente et supervise le marché monétaire et le marché de la pension. Pour les aspects relevant du champ de son intervention, la Banque réglemente et supervise le marché des changes ainsi que le marché à terme d’instruments financiers. La Banque veille au bon fonctionnement desdits marchés et s’assure du respect, par les intervenants, des textes législatifs et réglementaires qui leur sont applicables.",pdfs/Recueil des textes législatifs et réglementaires de BAM _ VF.pdf
Recueil des textes législatifs et réglementaires de BAM _ VF,71,,TITRE II MODALITES D’EXERCICE DES MISSIONS FONDAMENTALES DE LA BANQUE,Chapitre III De la gestion des réserves de change,,,37-38,"La Banque peut procéder à toute opération sur : • l’or et les métaux précieux ; • les billets de banque étrangers et généralement tout instrument de paiement libellé en monnaie étrangère et utilisé dans les transferts internationaux ; • les avoirs en devises étrangères, en compte à vue et à terme ; • les effets de commerce à ordre, libellés en devises étrangères, tirés du Maroc sur l’étranger et répondant aux conditions d’admissibilité fixées par la Banque ; 38­ • les titres ou les valeurs émis ou garantis par des Etats étrangers, ainsi que ceux émis par des banques centrales ou les organismes internationaux ; • les titres ou les valeurs émis par des organismes financiers étrangers.",pdfs/Recueil des textes législatifs et réglementaires de BAM _ VF.pdf
Recueil des textes législatifs et réglementaires de BAM _ VF,72,,TITRE II MODALITES D’EXERCICE DES MISSIONS FONDAMENTALES DE LA BANQUE,Chapitre III De la gestion des réserves de change,,,38,"La Banque procède périodiquement à l’évaluation de ses avoirs nets en or, métaux précieux et en devises. L’écart de cette évaluation est inscrit globalement au passif du bilan au « Compte d’évaluation des réserves de change ». Le solde créditeur de ce compte ne peut être ni porté aux produits de l’exercice, ni distribué ou affecté à un quelconque emploi. Si à la clôture de l’exercice, le solde de ce compte est inférieur à un seuil minimum, il est procédé à la constitution d’une réserve pour perte de change prélevée sur le bénéfice net. Le seuil minimum précité ainsi que les conditions de constitution et de restitution au Trésor de ladite réserve, sont fixés par convention entre l’Etat et la Banque.",pdfs/Recueil des textes législatifs et réglementaires de BAM _ VF.pdf
Recueil des textes législatifs et réglementaires de BAM _ VF,73,,TITRE III DISPOSITIONS DIVERSES,,,,38,"Les personnes soumises à la supervision, au contrôle et à la surveillance de la Banque, en vertu de la présente loi et de la loi n° 103-12 précitée, sont assujetties à une contribution au profit de la Banque pour frais de contrôle sur place. Les modalités d’application du présent article sont fixées par le conseil.",pdfs/Recueil des textes législatifs et réglementaires de BAM _ VF.pdf
Recueil des textes législatifs et réglementaires de BAM _ VF,74,,TITRE III DISPOSITIONS DIVERSES,,,,38,"Le Gouvernement assure la sécurité et la protection des sites administratifs de la Banque, de ses musées de la monnaie et de ses succursales et agences. Il lui fournit les escortes nécessaires à la sécurité des transports de fonds et de valeurs. Une convention entre l’Etat et la Banque définit les modalités d’application des dispositions de l’alinéa ci-dessus.",pdfs/Recueil des textes législatifs et réglementaires de BAM _ VF.pdf
Recueil des textes législatifs et réglementaires de BAM _ VF,75,,TITRE III DISPOSITIONS DIVERSES,,,,38-39,"Les avoirs des établissements de crédit agréés en qualité de banques ouverts sur les livres de la Banque sont insaisissables. Toutefois, les avis à tiers détenteurs émis par les comptables publics à l’encontre des établissements visés à l’alinéa premier ci-dessus sont exécutables, sous réserve qu’ils ne portent pas atteinte : - au bon fonctionnement et à la sécurité des systèmes de paiement ; - à la mise en oeuvre de la politique monétaire ; - au système de règlement livraison d’instruments financiers. La Banque définit les modalités d’application des dispositions du présent article. 39­",pdfs/Recueil des textes législatifs et réglementaires de BAM _ VF.pdf
Recueil des textes législatifs et réglementaires de BAM _ VF,76,,TITRE III DISPOSITIONS DIVERSES,,,,39,"Sans préjudice des dispositions habilitant la Banque à prendre des mesures dans des circonstances exceptionnelles, la Banque ne peut détenir de participation dans les établissements de crédit ou organismes assimilés marocains ou étrangers. Dans le cadre des mesures exceptionnelles, les prises de participation ne sont pas soumises aux dispositions de l’article 8 de la loi n° 39-89 autorisant le transfert d’entreprises publiques au secteur privé, promulguée par le dahir n° 1-90-01 du 15 ramadan 1410 (11 avril 1990).",pdfs/Recueil des textes législatifs et réglementaires de BAM _ VF.pdf
Recueil des textes législatifs et réglementaires de BAM _ VF,77,,TITRE III DISPOSITIONS DIVERSES,,,,39,"Sans préjudice des dispositions habilitant la Banque à prendre des mesures dans des circonstances exceptionnelles, la Banque, ne peut être représentée dans les organes d’administration et de surveillance et dans les autres organes des établissements de crédit et organismes assimilés soumis à son contrôle ou régis par des dispositions législatives spéciales.",pdfs/Recueil des textes législatifs et réglementaires de BAM _ VF.pdf
Recueil des textes législatifs et réglementaires de BAM _ VF,78,,TITRE III DISPOSITIONS DIVERSES,,,,39,Les actifs des Fonds relevant des régimes de retraite et de prévoyance sociale du personnel de la Banque sont détenus et gérés par la Banque pour le compte desdits Fonds. La Banque peut en déléguer la gestion dans les conditions qu’elle définit. Ces actifs sont affectés définitivement et irrévocablement aux régimes de retraite et de prévoyance sociale du personnel de la Banque. La Banque ne peut ni les utiliser ni en disposer à des fins de couverture de ses opérations. Les activités et les opérations des Fonds précités font l’objet d’une comptabilité séparée.,pdfs/Recueil des textes législatifs et réglementaires de BAM _ VF.pdf
Recueil des textes législatifs et réglementaires de BAM _ VF,79,,TITRE III DISPOSITIONS DIVERSES,,,,39,"La Banque dispose, dans le cadre de sa contribution à la stabilité du système financier national et en l’absence de garantie de l’Etat, d’un privilège général pour le recouvrement de ses créances dues à ce titre sur les établissements de crédit, qui prend rang immédiatement après celui du Trésor et des collectivités territoriales prévu par la loi précitée n° 15-97.",pdfs/Recueil des textes législatifs et réglementaires de BAM _ VF.pdf
Recueil des textes législatifs et réglementaires de BAM _ VF,80,,TITRE III DISPOSITIONS DIVERSES,,,,39-42,"Est abrogée, la loi n° 76-03 portant statut de Bank Al-Maghrib, promulguée par le dahir n° 1-05-38 du 20 chaoual 1426 (23 novembre 2005). Demeurent en vigueur tous les textes réglementaires pris en application de ladite loi en ce qui concerne les dispositions non contraires à la présente loi jusqu’à leur remplacement conformément aux dispositions de la présente loi. Nonobstant les dispositions du premier alinéa de l’article 26, les six membres nommés par le Chef du gouvernement continuent, à titre transitoire, à exercer leurs missions jusqu’à leur remplacement. 2.CADRE RELATIF AUX ETABLISSEMENTS DE CREDIT ET ORGANISMES ASSIMILES ETABLISSEMENTS DE CREDIT ET ORGANISMES ASSIMILES 42­ 2.1 CADRE LEGISLATIF RELATIF AUX ETABLISSEMENTS DE CREDIT ET ORGANISMES ASSIMILES Dahir n° 1-14-193 du 24 décembre 2014 portant promulgation de la loi n°103-12 relative aux établissements de crédit et organismes assimilés, tel que modifié et complété2 LOUANGE A DIEU SEUL ! (Grand Sceau de Sa Majesté Mohammed VI) Que l’on sache par les présentes-Puisse Dieu en élever et en fortifier la teneur ! Que Notre Majesté Chérifienne, Vu la constitution, notamment ses articles 26 et 58 ; A décidé ce qui suit : Est promulguée et sera publiée au Bulletin officiel, à la suite du présent dahir, la loi n°103-12 relative aux établissements de crédit et organismes assimilés, telle qu’adoptée par la Chambre des conseillers et les Chambres des représentants. Fait à Rabat, le 24 décembre 2014",pdfs/Recueil des textes législatifs et réglementaires de BAM _ VF.pdf
Recueil des textes législatifs et réglementaires de BAM _ VF,1,,TITRE PREMIER CHAMP D’APPLICATION ET CADRE INSTITUTIONNEL,Chapitre Premier,,,42,"Sont considérés comme établissements de crédit les personnes morales qui exercent leur activité au Maroc, quels que soient le lieu de leur siège social, la nationalité des apporteurs de leur capital social ou de leur dotation ou celle de leurs dirigeants et qui exercent, à titre de profession habituelle, une ou plusieurs des activités suivantes : - la réception de fonds du public ; - les opérations de crédit ; - la mise à la disposition de la clientèle de tous moyens de paiement, ou leur gestion.",pdfs/Recueil des textes législatifs et réglementaires de BAM _ VF.pdf
Recueil des textes législatifs et réglementaires de BAM _ VF,2,,TITRE PREMIER CHAMP D’APPLICATION ET CADRE INSTITUTIONNEL,Chapitre Premier,,,42-43,"Sont considérés comme fonds reçus du public les fonds qu’une personne recueille de tiers sous forme de dépôt ou autrement, avec le droit d’en disposer pour son propre compte, à charge pour elle de les restituer. Sont assimilés aux fonds reçus du public : 2 Publié au Bulletin officiel n°6340 du 5 mars 2015. Ledit Dahir a été modifié et complété par le Dahir n°1-20-74 du 25 juillet 2020 portant promulgation de la loi n°44-20, publié au Bulletin officiel n°6918 du 17 septembre 2020, le Dahir n°1-21-76 du 14 juillet 2021 portant promulgation de la loi n°50-20 relative à la microfinance, publié au Bulletin officiel n°7014 du 19 août 2021 et le Dahir n°1-21-77 du 14 juillet 2021 portant promulgation de la loi n°51-20, publié au bulletin officiel n°7014 du 19 août 2021. 43­ - les fonds déposés en compte à vue, avec ou sans préavis, même si le solde du compte peut devenir débiteur ; - les fonds déposés avec un terme ou devant être restitués après un préavis ; - les fonds versés par un déposant avec stipulation d’une affectation spéciale, si l’établissement qui a reçu le dépôt ne le conserve pas en l’état, à l’exception des fonds versés auprès des sociétés légalement habilitées à constituer et gérer un portefeuille de valeurs mobilières ; - les fonds dont la réception donne lieu à la délivrance, par le dépositaire, d’un bon de caisse ou de tout billet portant intérêt ou non. Toutefois, ne sont pas considérés comme fonds reçus du public : - les sommes laissées en compte, dans une société, par les associés en nom, les commanditaires et les commandités, les associés, les gérants, les administrateurs, les membres du directoire ou du conseil de surveillance et les actionnaires, détenant 5 % au moins du capital social ; - les dépôts du personnel d’une entreprise lorsqu’ils ne dépassent pas 10 % de ses capitaux propres ; - les fonds provenant de concours d’établissements de crédit et des organismes assimilés visés à l’article 11 ci-dessous ; - les fonds inscrits dans les comptes de paiement prévus à l’article 16 ci- dessous.",pdfs/Recueil des textes législatifs et réglementaires de BAM _ VF.pdf
Recueil des textes législatifs et réglementaires de BAM _ VF,3,,TITRE PREMIER CHAMP D’APPLICATION ET CADRE INSTITUTIONNEL,Chapitre Premier,,,43,"Constitue une opération de crédit tout acte, à titre onéreux, par lequel une personne : - met ou s’oblige à mettre des fonds à la disposition d’une autre personne, à charge pour celle-ci de les rembourser ; - ou prend, dans l’intérêt d’une autre personne, un engagement par signature sous forme d’aval, de cautionnement ou de toute autre garantie. Sont assimilées à des opérations de crédit : - les opérations de crédit-bail et de location avec option d’achat et assimilées; - les opérations d’affacturage ; - les opérations de vente à réméré d’effets et de valeurs mobilières et les opérations de pension telles que prévues par la législation en vigueur.",pdfs/Recueil des textes législatifs et réglementaires de BAM _ VF.pdf
Recueil des textes législatifs et réglementaires de BAM _ VF,4,,TITRE PREMIER CHAMP D’APPLICATION ET CADRE INSTITUTIONNEL,Chapitre Premier,,,43-44,"Les opérations de crédit-bail et de location avec option d’achat visées à l’article 3 ci-dessus concernent : - les opérations de location de biens meubles qui, quelle que soit leur qualification, donnent au locataire la possibilité d’acquérir à une date fixée avec le propriétaire, tout ou partie des biens pris en location, moyennant un prix convenu tenant compte, au moins pour partie, des versements effectués à titre de loyers ; - les opérations par lesquelles une entreprise donne en location des biens immeubles, achetés par elle ou construits pour son compte, lorsque ces opérations, quelle que soit leur qualification, permettent au locataire de devenir propriétaire de tout ou partie des biens pris en location, au plus tard à l’expiration du bail ; 44­ - les opérations de location de fonds de commerce ou de l’un de ses éléments incorporels qui, quelle que soit leur qualification, donnent au locataire la possibilité d’acquérir, à une date fixée avec le propriétaire, le fonds de commerce ou l’un de ses éléments incorporels, moyennant un prix convenu tenant compte, au moins pour partie, des versements effectués à titre de loyers, à l’exclusion de toute opération de cession bail, à l’ancien propriétaire, dudit fonds ou de l’un de ses éléments. La cession bail est l’acte par lequel une entreprise utilisatrice vend un bien à une personne qui le lui donne aussitôt en crédit-bail.",pdfs/Recueil des textes législatifs et réglementaires de BAM _ VF.pdf
Recueil des textes législatifs et réglementaires de BAM _ VF,5,,TITRE PREMIER CHAMP D’APPLICATION ET CADRE INSTITUTIONNEL,Chapitre Premier,,,44,"L’affacturage, visé à l’article 3 ci-dessus, est la convention par laquelle un établissement de crédit s’engage à recouvrer et à mobiliser des créances commerciales, soit en acquérant lesdites créances, soit en se portant mandataire du créancier avec, dans ce dernier cas, une garantie de bonne fin.",pdfs/Recueil des textes législatifs et réglementaires de BAM _ VF.pdf
Recueil des textes législatifs et réglementaires de BAM _ VF,6,,TITRE PREMIER CHAMP D’APPLICATION ET CADRE INSTITUTIONNEL,Chapitre Premier,,,44,"Sont considérés comme moyens de paiement, tous les instruments qui, quel que soit le support ou le procédé technique utilisé, permettent à toute personne de transférer des fonds. Constitue également un moyen de paiement la monnaie électronique, définie comme étant toute valeur monétaire représentant une créance sur l’émetteur, qui est: - stockée sur un support électronique ; - émise en contre partie de la remise de fonds d’un montant dont la valeur n’est pas inférieure à la valeur monétaire émise et ; - acceptée comme moyen de paiement par des tiers autres que l’émetteur de la monnaie électronique.",pdfs/Recueil des textes législatifs et réglementaires de BAM _ VF.pdf
Recueil des textes législatifs et réglementaires de BAM _ VF,7,,TITRE PREMIER CHAMP D’APPLICATION ET CADRE INSTITUTIONNEL,Chapitre Premier,,,44,"Les établissements de crédit peuvent également effectuer, sous réserve du respect des dispositions législatives et réglementaires applicables en la matière, les opérations ci-après : 1) les services d’investissement visés à l’article 8 ci-après ; 2) les opérations de change ; 3) les opérations sur or, métaux précieux et pièces de monnaie ; 4) la présentation au public des opérations d’assurance de personnes, d’assistance, d’assurance-crédit et toute autre opération d’assurance, conformément à la législation en vigueur; 5) les opérations de location de biens mobiliers ou immobiliers, pour les établissements qui effectuent, à titre habituel, des opérations de crédit- bail.",pdfs/Recueil des textes législatifs et réglementaires de BAM _ VF.pdf
Recueil des textes législatifs et réglementaires de BAM _ VF,8,,TITRE PREMIER CHAMP D’APPLICATION ET CADRE INSTITUTIONNEL,Chapitre Premier,,,44-45,"1) Sont considérés comme services d’investissement : - la gestion d’instruments financiers ; - la négociation pour compte propre ou pour compte de tiers d’instruments financiers ; - la réception et la transmission d’ordres pour le compte de tiers ; - le conseil et l’assistance en matière de gestion de patrimoine ; - le conseil et l’assistance en matière de gestion financière ; 45­ - l’ingénierie financière ; - le placement sous toutes ses formes ; - le service de notation de crédit. 2) Sont considérées comme opérations connexes aux services d’investissement énumérés ci-dessus : - les opérations d’octroi de crédits à un investisseur pour lui permettre d’effectuer une transaction qui porte sur des instruments financiers tels que définis par la législation en vigueur; - le conseil et la fourniture de services aux entreprises notamment, en matière de structure de capital, de stratégie, de fusions et de rachat d’entreprises. La définition des services d’investissement et les modalités de leur fourniture sont fixées par circulaire du wali de Bank Al-Maghrib, après avis du comité des établissements de crédit visé à l’article 25 ci-dessous.",pdfs/Recueil des textes législatifs et réglementaires de BAM _ VF.pdf
Recueil des textes législatifs et réglementaires de BAM _ VF,9,,TITRE PREMIER CHAMP D’APPLICATION ET CADRE INSTITUTIONNEL,Chapitre Premier,,,45,"Les établissements de crédit peuvent prendre des participations directement ou indirectement dans des entreprises existantes ou en création, sous réserve du respect des limites fixées, par rapport à leurs fonds propres et au capital social ou aux droits de vote de la société émettrice, par circulaire du wali de Bank Al-Maghrib, après avis du comité des établissements de crédit. Toutefois, Bank Al-Maghrib peut s’opposer à toute prise de participation de la part d’un établissement de crédit qui pourrait altérer sa situation sur le plan de solvabilité, de liquidité ou de rentabilité, ou de lui faire courir un risque excessif.",pdfs/Recueil des textes législatifs et réglementaires de BAM _ VF.pdf
Recueil des textes législatifs et réglementaires de BAM _ VF,10,,TITRE PREMIER CHAMP D’APPLICATION ET CADRE INSTITUTIONNEL,Chapitre Premier,,,45,"Les établissements de crédit comprennent deux catégories, les banques et les sociétés de financement. Les banques et les sociétés de financement peuvent être classées par Bank Al- Maghrib en sous-catégories, en fonction notamment des opérations qu’elles sont autorisées à effectuer et de leur taille. Les modalités d’application des dispositions de la présente loi sont fixées, pour chaque catégorie ou sous-catégorie d’établissements de crédit, par circulaire du wali de Bank Al-Maghrib, après avis du comité des établissements de crédit.",pdfs/Recueil des textes législatifs et réglementaires de BAM _ VF.pdf
Recueil des textes législatifs et réglementaires de BAM _ VF,11.3,,TITRE PREMIER CHAMP D’APPLICATION ET CADRE INSTITUTIONNEL,Chapitre Premier,,,45,"Sont considérés comme organismes assimilés aux établissements de crédit au sens de la présente loi, les établissements de paiement, les associations de microfinance, les banques offshore, les compagnies financières, la Caisse de dépôt et de gestion et la Société nationale de garantie et du financement de l’entreprise.",pdfs/Recueil des textes législatifs et réglementaires de BAM _ VF.pdf
Recueil des textes législatifs et réglementaires de BAM _ VF,12,,TITRE PREMIER CHAMP D’APPLICATION ET CADRE INSTITUTIONNEL,Chapitre Premier,,,45-46,"Les banques peuvent être agréées en vue d’exercer toute ou partie des activités visées aux articles premier, 7 et 16 de la présente loi et sont seules à pouvoir être habilitées à recevoir du public des fonds à vue ou d’un terme égal ou inférieur à deux ans. 3 Les dispositions de l’article 11 ont été modifiées et complétées en vertu de l’article premier du dahir n°1-20-74 portant promulgation de la loi n°44-20 du 25 juillet 2020, publié au Bulletin Officiel n°69-18 du 17 septembre 2020 et de l’article 17 du dahir n°1-21-76 portant promulgation de la loi n°50-20 du 14 juillet 2021 relative à la microfinance, publié au Bulletin officiel n°7014 du 9 août 2021. 46­",pdfs/Recueil des textes législatifs et réglementaires de BAM _ VF.pdf
Recueil des textes législatifs et réglementaires de BAM _ VF,13,,TITRE PREMIER CHAMP D’APPLICATION ET CADRE INSTITUTIONNEL,Chapitre Premier,,,46,"Les sociétés de financement ne peuvent exercer, parmi les activités visées à l’article premier et aux paragraphes 2 à 5 de l’article 7 ci-dessus, que celles prévues dans les décisions d’agrément qui les concernent ou, éventuellement, dans les dispositions législatives ou réglementaires qui leur sont propres.",pdfs/Recueil des textes législatifs et réglementaires de BAM _ VF.pdf
Recueil des textes législatifs et réglementaires de BAM _ VF,14,,TITRE PREMIER CHAMP D’APPLICATION ET CADRE INSTITUTIONNEL,Chapitre Premier,,,46,"Par dérogation aux dispositions de l’article 12 ci-dessus, les sociétés de financement peuvent être agréées, dans les formes et les conditions prévues à l’article 34 ci-dessous, à recevoir du public des fonds d’un terme supérieur à un an.",pdfs/Recueil des textes législatifs et réglementaires de BAM _ VF.pdf
Recueil des textes législatifs et réglementaires de BAM _ VF,15,,TITRE PREMIER CHAMP D’APPLICATION ET CADRE INSTITUTIONNEL,Chapitre Premier,,,46,"Les établissements de paiement sont ceux qui offrent un ou plusieurs services de paiement visés à l’article 16 ci-après. Ils peuvent également, dans le respect des dispositions législatives et réglementaires en vigueur, exercer les opérations de change.",pdfs/Recueil des textes législatifs et réglementaires de BAM _ VF.pdf
Recueil des textes législatifs et réglementaires de BAM _ VF,16,,TITRE PREMIER CHAMP D’APPLICATION ET CADRE INSTITUTIONNEL,Chapitre Premier,,,46,"1) Sont considérés comme services de paiement : - les opérations de transfert de fonds ; - les dépôts et les retraits en espèces sur un compte de paiement ; - l’exécution d’opérations de paiement par tout moyen de communication à distance, à condition que l’opérateur agisse uniquement en qualité d’intermédiaire entre le payeur et le fournisseur de biens et services ; - l’exécution de prélèvements permanents ou unitaires, d’opérations de paiement par carte et l’exécution de virements, lorsque ceux–ci portent sur des fonds placés sur un compte de paiement. On entend par compte de paiement tout compte détenu au nom d’un utilisateur de services de paiement et qui est exclusivement utilisé aux fins d’opérations de paiement. 2) Ne sont pas considérés comme services de paiement, les opérations de paiement effectuées par : - un chèque tel que régi par les dispositions du code de commerce ; - une lettre de change telle que régie par les dispositions du code de commerce ; - un mandat postal émis et/ou payé en espèces ; - tout autre titre similaire sur support papier. Les modalités d’exercice des services de paiement sont fixées par circulaire du wali de Bank Al-Maghrib, après avis du comité des établissements de crédit.",pdfs/Recueil des textes législatifs et réglementaires de BAM _ VF.pdf
Recueil des textes législatifs et réglementaires de BAM _ VF,17,,TITRE PREMIER CHAMP D’APPLICATION ET CADRE INSTITUTIONNEL,Chapitre Premier,,,46-47,"Les fonds inscrits dans les comptes de paiement doivent être déposés sur un compte global, séparé et individualisé auprès d’un établissement de crédit habilité à recevoir des dépôts à vue. Ces fonds doivent être distinctement identifiés et cantonnés dans la comptabilité des établissements de paiement. Le solde de ce compte ne peut faire l’objet d’un droit résultant de créances propres, détenues par l’établissement de crédit teneur du compte sur l’établissement de paiement. De même, il ne peut faire l’objet d’aucune saisie- arrêt par les créanciers de l’établissement de paiement. 47­ Nonobstant toute disposition législative contraire, en cas de procédure de liquidation ouverte à l’encontre de l’établissement de paiement ou de l’établissement de crédit teneur du compte global visé ci-dessus, les fonds inscrits dans ces comptes de paiement sont affectés au remboursement des titulaires des comptes de paiement.",pdfs/Recueil des textes législatifs et réglementaires de BAM _ VF.pdf
Recueil des textes législatifs et réglementaires de BAM _ VF,18,,TITRE PREMIER CHAMP D’APPLICATION ET CADRE INSTITUTIONNEL,Chapitre Premier,,,47,"Sans préjudice des dispositions législatives régissant les organismes assimilés visés à l’article 11 ci-dessus, il est interdit à toute personne non agréée en qualité d’établissement de crédit ou d’établissement de paiement d’effectuer, à titre de profession habituelle, les opérations visées aux articles premier et 16 ci-dessus. Toutefois, toute personne peut effectuer les opérations suivantes : - consentir à ses contractants, dans l’exercice de son activité professionnelle, des délais ou des avances de paiement, notamment sous forme de crédit commercial ; - conclure des contrats de location-accession aux logements ; - procéder à des opérations de trésorerie avec des sociétés ayant avec elle, directement ou indirectement, des liens de capital conférant à l’une d’elles un pouvoir de contrôle effectif sur les autres sociétés ; - émettre des valeurs mobilières ainsi que des titres de créances négociables sur un marché réglementé ; - consentir des avances sur salaires ou des prêts à ses salariés pour des motifs d’ordre social ; - émettre des bons et des cartes délivrés pour l’achat, auprès d’elle ; de biens ou de services déterminés dans les conditions et suivant les modalités fixées par circulaire du wali de Bank Al-Maghrib, après avis du comité des établissements de crédit ; - prendre ou mettre en pension des valeurs mobilières inscrites à la cote de la bourse des valeurs, des titres de créances négociables ou des valeurs émises par le Trésor ; - remettre des espèces en garantie d’une opération de prêt de titres régie par les dispositions de la loi n° 45-12 relative au prêt de titres.",pdfs/Recueil des textes législatifs et réglementaires de BAM _ VF.pdf
Recueil des textes législatifs et réglementaires de BAM _ VF,19,,TITRE PREMIER CHAMP D’APPLICATION ET CADRE INSTITUTIONNEL,Chapitre Premier,,,47-48,"Nonobstant les dispositions législatives qui leur sont applicables et sous réserve des conditions spécifiques qui sont édictées à cet effet par circulaires du wali de Bank Al-Maghrib, après avis du comité des établissements de crédit : - les banques offshore régies par la loi régissant les places financières offshore sont soumises aux dispositions des titres II, IV, V, VI, VII et VIII de la présente loi ; - la Caisse de dépôt et de gestion est soumise aux dispositions de l’article 47 et des titres IV, V et VIII de la présente loi. 4 Les dispositions de l’article 19 ont été modifiées et complétées en vertu de l’article premier du Dahir n°1-20-74 du 25 juillet 2020 portant promulgation de la loi n°44-20, publié au Bulletin officiel n°6918 du 17 septembre 2020, et de l’article 16 du Dahir n°1-21-76 du 14 juillet 2021 portant promulgation de la loi n°50-20 relative à la microfinance, publié au Bulletin officiel n°7014 du 19 août 2021. 48­",pdfs/Recueil des textes législatifs et réglementaires de BAM _ VF.pdf
Recueil des textes législatifs et réglementaires de BAM _ VF,19,,TITRE PREMIER CHAMP D’APPLICATION ET CADRE INSTITUTIONNEL,Chapitre Premier,,,48,"5 La Société nationale de garantie et du financement de l’entreprise et les associations de microfinance sont régies par les dispositions de la présente loi, sous réserve des conditions spécifiques qui sont édictées, à cet effet, par circulaire du Wali de Bank Al-Maghrib, après avis du comité des établissements de crédit.",pdfs/Recueil des textes législatifs et réglementaires de BAM _ VF.pdf
Recueil des textes législatifs et réglementaires de BAM _ VF,20,,TITRE PREMIER CHAMP D’APPLICATION ET CADRE INSTITUTIONNEL,Chapitre Premier,,,48,"Sont considérées comme compagnies financières, au sens de la présente loi, les sociétés qui contrôlent, exclusivement ou principalement, un ou plusieurs établissements de crédit, conformément aux dispositions de l’article 43 ci- dessous. Les dispositions des articles 73, 75, 76, 77, 80, 82 et 84 ainsi que celles du chapitre II du titre V de la présente loi, sont applicables aux compagnies financières. Les conditions et modalités de mise en application desdites dispositions sont fixées par circulaire du wali de Bank Al-Maghrib, après avis du comité des établissements de crédit.",pdfs/Recueil des textes législatifs et réglementaires de BAM _ VF.pdf
Recueil des textes législatifs et réglementaires de BAM _ VF,21,,TITRE PREMIER CHAMP D’APPLICATION ET CADRE INSTITUTIONNEL,Chapitre Premier,,,48-49,"Constitue un conglomérat financier, au sens de la présente loi, tout groupe remplissant les trois conditions suivantes : - être placé sous contrôle unique ou influence notable d’une entité du groupe ayant son siège social ou activité principale au Maroc ; - deux au moins des entités du groupe doivent appartenir au secteur bancaire et/ou au secteur de l’assurance et/ou au secteur du marché des capitaux ; - les activités financières exercées par le groupe doivent être significatives. Sans préjudice des dispositions applicables aux entités réglementées appartenant aux secteurs des établissements de crédit, de l’assurance et du marché des capitaux, les organismes qui contrôlent les conglomérats financiers sont tenus d’établir, sur une base individuelle et consolidée ou sous- consolidée, les états de synthèse relatifs à la clôture de chaque exercice, de les publier, de disposer d’un mode de gouvernance, d’un système de contrôle interne et de gestion des risques, de communiquer aux autorités concernées tous documents et renseignements nécessaires à l’accomplissement de leur mission et de désigner deux commissaires aux comptes. Les modalités d’application des dispositions du présent article sont fixées par circulaire conjointe des autorités de contrôle du secteur financier, après avis du comité de coordination et de surveillance des risques systémiques visé à l’article 108 ci-dessous. Ladite circulaire conjointe est homologuée par arrêté du ministre chargé des finances et publiée au Bulletin officiel. 5 L’article 19 bis a été ajouté en vertu du 2ème article du Dahir n°1-20-74 du 25 juillet 2020 portant promulgation de la loi n°44-20, publié au Bulletin officiel n°6918 du 17 septembre 2020, et ont été modifiées et complétées en vertu de l’article 16 du Dahir n°1-21-76 du 14 juillet 2021 portant promulgation de la loi n°50-20 relative à la microfinance, publié au Bulletin officiel n°7014 du 19 août 2021. 6 Les dispositions de l’article 21 ont été complétées en vertu de l’article premier du dahir n°1- du 19 août 2021. 49­",pdfs/Recueil des textes législatifs et réglementaires de BAM _ VF.pdf
Recueil des textes législatifs et réglementaires de BAM _ VF,22,,TITRE PREMIER CHAMP D’APPLICATION ET CADRE INSTITUTIONNEL,Chapitre Premier,,,49,"Les établissements de paiement visés à l’article 15 ci-dessus sont soumis aux dispositions des titres II, IV, V, VI, VII et VIII de la présente loi. Les conditions et modalités de mise en application de ces dispositions sont fixées par circulaire du wali de Bank Al-Maghrib, après avis du comité des établissements de crédit.",pdfs/Recueil des textes législatifs et réglementaires de BAM _ VF.pdf
Recueil des textes législatifs et réglementaires de BAM _ VF,23,,TITRE PREMIER CHAMP D’APPLICATION ET CADRE INSTITUTIONNEL,Chapitre Premier,,,49,"Ne sont pas soumis aux dispositions de la présente loi : 1) Bank Al-Maghrib ; 2) la Trésorerie générale du Royaume ; 3) le Service de mandats postaux ; 4) les entreprises d’assurances et de réassurance régies par la loi n° 17-99 portant Code des assurances, et les organismes de prévoyance et de retraite ; 5) les organismes à but non lucratif qui, dans le cadre de leur mission et pour des raisons d’ordre social, accordent sur leurs ressources propres des prêts à des conditions préférentielles aux personnes qui peuvent en bénéficier en vertu des statuts de ces organismes ; 6) le Fonds Hassan II pour le développement économique et social régi par la loi n° 36-01 ; 7) les institutions financières internationales et les organismes publics de coopération étrangers autorisés par une convention conclue avec le gouvernement du Royaume du Maroc à exercer une ou plusieurs opérations visées à l’article premier ci-dessus.",pdfs/Recueil des textes législatifs et réglementaires de BAM _ VF.pdf
Recueil des textes législatifs et réglementaires de BAM _ VF,24,,TITRE PREMIER CHAMP D’APPLICATION ET CADRE INSTITUTIONNEL,Chapitre II,,,49,Les circulaires du wali de Bank Al-Maghrib prises en application de la présente loi et des dispositions législatives et réglementaires en vigueur sont publiées au « Bulletin officiel » après homologation par arrêtés du ministre chargé des finances.,pdfs/Recueil des textes législatifs et réglementaires de BAM _ VF.pdf
Recueil des textes législatifs et réglementaires de BAM _ VF,25,,TITRE PREMIER CHAMP D’APPLICATION ET CADRE INSTITUTIONNEL,Chapitre II,,,49-50,"Il est institué un comité dénommé comité des établissements de crédit dont l’avis est requis par le wali de Bank Al-Maghrib sur toute question, à caractère général ou individuel, ayant trait à l’activité des établissements de crédit et des autres organismes assimilés visés à l’article 11 ci-dessus. Le comité mène toutes études portant sur l’activité des établissements de crédit et notamment sur leurs rapports avec la clientèle et sur l’information du public. Ces études peuvent donner lieu à des circulaires ou recommandations du wali de Bank Al-Maghrib. Le comité des établissements de crédit est présidé par le wali de Bank Al-Maghrib. Il comprend en outre : - un représentant de Bank Al-Maghrib ; 7 Les dispositions de l’article 25 ont été modifiées et complétées en vertu de l’article 16 du Dahir n°1-21-76 du 14 juillet 2021 portant promulgation de la loi n°50-20 relative à la microfinance, 50­ - deux représentants du ministère chargé des finances, dont le directeur du Trésor et des finances extérieures ; - deux représentants de l’association professionnelle visée à l’article 32 ci- dessous, dont le président ; - le président de l’association professionnelle des sociétés de financement; - le président de l’association professionnelle des établissements de paiement ; - le président de l’association professionnelle des institutions de microfinance. Lorsqu’il est saisi de questions à caractère individuel, telles que définies au paragraphe 2 de l’article 26 ci-après, sa composition est restreinte aux seuls représentants de Bank Al-Maghrib et du ministère chargé des finances. Les modalités de fonctionnement du comité des établissements de crédit sont fixées par décret. Le secrétariat du comité est assuré par Bank Al-Maghrib.",pdfs/Recueil des textes législatifs et réglementaires de BAM _ VF.pdf
Recueil des textes législatifs et réglementaires de BAM _ VF,26,,TITRE PREMIER CHAMP D’APPLICATION ET CADRE INSTITUTIONNEL,Chapitre II,,,50,"Sont soumises, pour avis, au comité des établissements de crédit visé à l’article 25 ci-dessus, les questions relatives aux établissements de crédit et organismes assimilés et notamment : 1) les questions suivantes intéressant l’activité des établissements de crédit et revêtant un caractère général : - la définition des services d’investissement visés à l’article 8 ci-dessus et les modalités de leur fourniture ; - les modalités d’application des dispositions de l’article 9 ci-dessus relatives aux limites de prises de participations, par les établissements de crédit, dans des entreprises existantes ou en création ; - les modalités d’exercice des services de paiement visés à l’article 16 ci-dessus ; - les conditions et modalités d’émission des bons et des cartes pour l’achat de biens ou de services déterminés, visés à l’article 18 ci-dessus ; - les conditions spécifiques prises par le wali de Bank Al-Maghrib en application des dispositions de l’article 19 ci-dessus ; - les conditions et modalités de mise en application des dispositions de l’article 20 ci-dessus relatives aux compagnies financières ; - les conditions et modalités de mise en application des dispositions de l’article 22 ci-dessus relatives aux établissements de paiement ; - les statuts des associations professionnelles et les modifications susceptibles de leur être apportées visés à l’article 32 ci-dessous ; - les documents et les renseignements nécessaires à l’instruction de la demande d’agrément, visés à l’article 34 ci-dessous ; - les conditions et modalités de nomination, par les établissements de crédit, d’administrateurs ou membres indépendants visés à l’article 35 ci-dessous ; - le montant du capital minimum, exigible des établissements de crédit, prévu par l’article 36 ci-dessous ; - les modalités d’application des dispositions de l’article 37 ci-dessous relatives aux fonds propres minimums des établissements de crédit ; 8 Les dispositions de l’article 26 ont été modifiées en vertu de l’article 17 du Dahir n°1-21-76 du 14 juillet 2021 portant promulgation de la loi n°50-20 relative à la microfinance, publié au Bulletin officiel n°7014 du 19 août 2021.",pdfs/Recueil des textes législatifs et réglementaires de BAM _ VF.pdf
